{
  "_note": "Snapshot from TheThingsNetwork/lorawan-devices vendor/keller/keller-codec.yaml (Apache-2.0). Authoring reference only; excluded from the npm tarball.",
  "examples": [
    {
      "description": "Example set of measurements",
      "input": {
        "fPort": 1,
        "bytes": [
          1,
          3,
          0,
          211,
          191,
          120,
          147,
          125,
          184,
          0,
          0,
          0,
          65,
          174,
          102,
          102,
          63,
          120,
          145,
          125,
          65,
          190,
          0,
          0
        ]
      },
      "output": {
        "data": {
          "port": 1,
          "payload": "010300D3BF78937DB800000041AE66663F78917D41BE0000",
          "func": 1,
          "ct": 3,
          "channel": "0000000011010011",
          "channelCount": 5,
          "P1": -0.000030517578125,
          "PBaro": 0.9709699749946594,
          "Pd (P1-PBaro)": -0.9710004925727844,
          "TBaro": 23.75,
          "TOB1": 21.799999237060547
        },
        "warnings": [],
        "errors": []
      }
    },
    {
      "description": "Example of an information message",
      "input": {
        "fPort": 4,
        "bytes": [
          12,
          1,
          19,
          0,
          19,
          47,
          0,
          0,
          0,
          12,
          39,
          227,
          146,
          139,
          64,
          162,
          176,
          13,
          47,
          58
        ]
      },
      "output": {
        "data": {
          "port": 4,
          "payload": "0C011300132F0000000C27E3928B40A2B00D2F3A",
          "func": 12,
          "battery_capacity_percentage": 47,
          "battery_voltage": 5.083990573883057,
          "class_group_text": "19.00",
          "device_local_datetime": "2021-03-16 16:00:11",
          "humidity_percentage": 58,
          "serial_number": 12,
          "sw_version_text": "19.47"
        },
        "warnings": [],
        "errors": []
      }
    }
  ]
}
