{
  "uplink": [
    {
      "description": "Time 1742982409 Vbat 2 Version 2 5 2 0 CO2 800 Boot 45 Env 20 60 Light 1377 Pellets 100 3 25 10 Activity [ 0.53 -1 1 -0.5 0.25 -0.3 ] .",
      "input": {
        "fPort": 2,
        "bytes": [
          54,
          85,
          20,
          166,
          242,
          249,
          59,
          44,
          9,
          22,
          22,
          173,
          135,
          0,
          0,
          0,
          0,
          0,
          0,
          0,
          0,
          0,
          222,
          75,
          239,
          5,
          247,
          245,
          254,
          239,
          244,
          50
        ]
      },
      "source": "ttn-example",
      "_todo": "replace this with expected.data after authoring codec.js; verify against the datasheet",
      "_upstreamHint": {
        "output": {
          "Vbat": 3.6982421875,
          "activity": [
            -0.049163818359375,
            -0.2193603515625,
            -0.497314453125,
            -0.86669921875,
            -0.26220703125
          ],
          "boot": 9,
          "lux": 0,
          "pellets": [
            {
              "Delta": 0,
              "Total": 0
            },
            {
              "Delta": 0,
              "Total": 0
            }
          ],
          "rh": 67.78515297169452,
          "tDewC": 15.855392059081987,
          "tempC": 22.0859375,
          "time": "2025-03-31T00:40:01.000Z"
        }
      }
    }
  ],
  "downlink": []
}
