{
  "_note": "Snapshot from TheThingsNetwork/lorawan-devices vendor/mcci/codec-model4841.yaml (Apache-2.0). Authoring reference only; excluded from the npm tarball.",
  "examples": [
    {
      "description": "Sensor report format port 1, 0x20, all data",
      "input": {
        "fPort": 1,
        "bytes": [
          32,
          255,
          32,
          0,
          52,
          205,
          78,
          102,
          42,
          30,
          0,
          99,
          84,
          153,
          153,
          108,
          128,
          124,
          128,
          137,
          96,
          159,
          160,
          175,
          160,
          187,
          184,
          191,
          160,
          201,
          196,
          203,
          184,
          86,
          120
        ]
      },
      "output": {
        "data": {
          "port": 1,
          "format": 32,
          "tvoc": 22136,
          "aqi": 251,
          "aqi_partial": {
            "10": 174,
            "1.0": 174,
            "2.5": 251
          },
          "boot": 42,
          "dust": {
            "5": 5000,
            "10": 6000,
            "0.3": 1000,
            "0.5": 2000,
            "1.0": 3000,
            "2.5": 4000
          },
          "p": 1017.12,
          "pm": {
            "10": 300,
            "1.0": 100,
            "2.5": 200
          },
          "rh": 60,
          "tDew": 21.390006900020513,
          "tHeatIndex": 32.83203227777776,
          "t": 30,
          "vbat": 2,
          "vbus": 4.89990234375,
          "vsys": 3.300048828125
        }
      }
    },
    {
      "description": "Sensor report format port 1, 0x21, all data",
      "input": {
        "fPort": 1,
        "bytes": [
          33,
          255,
          32,
          0,
          52,
          205,
          78,
          102,
          42,
          30,
          0,
          153,
          153,
          108,
          128,
          124,
          128,
          137,
          96,
          159,
          160,
          175,
          160,
          187,
          184,
          191,
          160,
          201,
          196,
          203,
          184,
          86,
          120
        ]
      },
      "output": {
        "data": {
          "port": 1,
          "format": 33,
          "tvoc": 22136,
          "aqi": 251,
          "aqi_partial": {
            "10": 174,
            "1.0": 174,
            "2.5": 251
          },
          "boot": 42,
          "dust": {
            "5": 5000,
            "10": 6000,
            "0.3": 1000,
            "0.5": 2000,
            "1.0": 3000,
            "2.5": 4000
          },
          "pm": {
            "10": 300,
            "1.0": 100,
            "2.5": 200
          },
          "rh": 60,
          "tDew": 21.390006900020513,
          "tHeatIndex": 32.83203227777776,
          "t": 30,
          "vbat": 2,
          "vbus": 4.89990234375,
          "vsys": 3.300048828125
        }
      }
    },
    {
      "description": "Sensor report format port 1, 0x20, no VOC",
      "input": {
        "fPort": 1,
        "bytes": [
          32,
          127,
          32,
          0,
          52,
          205,
          78,
          102,
          42,
          30,
          0,
          99,
          84,
          153,
          153,
          108,
          128,
          124,
          128,
          137,
          96,
          159,
          160,
          175,
          160,
          187,
          184,
          191,
          160,
          201,
          196,
          203,
          184
        ]
      },
      "output": {
        "data": {
          "port": 1,
          "format": 32,
          "aqi": 251,
          "aqi_partial": {
            "10": 174,
            "1.0": 174,
            "2.5": 251
          },
          "boot": 42,
          "dust": {
            "5": 5000,
            "10": 6000,
            "0.3": 1000,
            "0.5": 2000,
            "1.0": 3000,
            "2.5": 4000
          },
          "p": 1017.12,
          "pm": {
            "10": 300,
            "1.0": 100,
            "2.5": 200
          },
          "rh": 60,
          "tDew": 21.390006900020513,
          "tHeatIndex": 32.83203227777776,
          "t": 30,
          "vbat": 2,
          "vbus": 4.89990234375,
          "vsys": 3.300048828125
        }
      }
    },
    {
      "description": "Sensor report format port 1, 0x21, no VOC",
      "input": {
        "fPort": 1,
        "bytes": [
          33,
          127,
          32,
          0,
          52,
          205,
          78,
          102,
          42,
          30,
          0,
          153,
          153,
          108,
          128,
          124,
          128,
          137,
          96,
          159,
          160,
          175,
          160,
          187,
          184,
          191,
          160,
          201,
          196,
          203,
          184
        ]
      },
      "output": {
        "data": {
          "port": 1,
          "format": 33,
          "aqi": 251,
          "aqi_partial": {
            "10": 174,
            "1.0": 174,
            "2.5": 251
          },
          "boot": 42,
          "dust": {
            "5": 5000,
            "10": 6000,
            "0.3": 1000,
            "0.5": 2000,
            "1.0": 3000,
            "2.5": 4000
          },
          "pm": {
            "10": 300,
            "1.0": 100,
            "2.5": 200
          },
          "rh": 60,
          "tDew": 21.390006900020513,
          "tHeatIndex": 32.83203227777776,
          "t": 30,
          "vbat": 2,
          "vbus": 4.89990234375,
          "vsys": 3.300048828125
        }
      }
    },
    {
      "description": "Sensor report format port 5, 0x20",
      "input": {
        "fPort": 5,
        "bytes": [
          32,
          127,
          32,
          0,
          52,
          205,
          78,
          102,
          42,
          30,
          0,
          99,
          84,
          153,
          153,
          86,
          120,
          108,
          128,
          124,
          128,
          137,
          96,
          159,
          160,
          175,
          160,
          187,
          184,
          191,
          160,
          201,
          196,
          203,
          184
        ]
      },
      "output": {
        "data": {
          "port": 5,
          "format": 32,
          "tvoc": 22136,
          "aqi": 251,
          "aqi_partial": {
            "10": 174,
            "1.0": 174,
            "2.5": 251
          },
          "boot": 42,
          "dust": {
            "5": 5000,
            "10": 6000,
            "0.3": 1000,
            "0.5": 2000,
            "1.0": 3000,
            "2.5": 4000
          },
          "p": 1017.12,
          "pm": {
            "10": 300,
            "1.0": 100,
            "2.5": 200
          },
          "rh": 60,
          "tDew": 21.390006900020513,
          "tHeatIndex": 32.83203227777776,
          "t": 30,
          "vbat": 2,
          "vbus": 4.89990234375,
          "vsys": 3.300048828125
        }
      }
    },
    {
      "description": "Sensor report format port 5, 0x21 (no barometer)",
      "input": {
        "fPort": 5,
        "bytes": [
          33,
          127,
          32,
          0,
          52,
          205,
          78,
          102,
          42,
          30,
          0,
          153,
          153,
          86,
          120,
          108,
          128,
          124,
          128,
          137,
          96,
          159,
          160,
          175,
          160,
          187,
          184,
          191,
          160,
          201,
          196,
          203,
          184
        ]
      },
      "output": {
        "data": {
          "port": 5,
          "format": 33,
          "tvoc": 22136,
          "aqi": 251,